url_path,views_total,views_unique
/ArrowElectronics/data-storm-daq/wiki,5,5
/ArrowElectronics/data-storm-daq/wiki/AD40xx-Platform-Architecture,4,4
/ArrowElectronics/data-storm-daq/wiki/AD40xx-Platform-Board-Architecture,4,4
/ArrowElectronics/data-storm-daq/wiki/AD40xx-Platform-Build-HDL,4,4
/ArrowElectronics/data-storm-daq/wiki/AD40xx-Platform-FPGA-Architecture-SPI-Engine-SPI-Bus-Interface,4,4
/ArrowElectronics/data-storm-daq/wiki/AD40xx-Platform-Prequisites,4,4
/ArrowElectronics/data-storm-daq/wiki/AD463x-Platform-FPGA-Architecture-SPI-Engine-SPI-Bus-Interface,4,4
/ArrowElectronics/data-storm-daq/wiki/AD7606B-Platform-Build-Update-the-SD-Card,4,4
/ArrowElectronics/data-storm-daq/wiki/AD40xx-Platform-FPGA-Architecture-Sigma-Delta-SPI-Util,4,3
/ArrowElectronics/data-storm-daq/wiki/Run-the-Demonstration-Remotely-via-Ethernet-(AD7768),4,1
